code,flag,name_en,name_zh
AC,ğŸ‡¦ğŸ‡¨,Ascension Island,äºšæ£®æ¾å²›
AD,ğŸ‡¦ğŸ‡©,Andorra
AE,ğŸ‡¦ğŸ‡ª,United Arab Emirates,é˜¿è”é…‹
AF,ğŸ‡¦ğŸ‡«,Afghanistan,é˜¿å¯Œæ±—
AG,ğŸ‡¦ğŸ‡¬,Antigua & Barbuda,å®‰æç“œå’Œå·´å¸ƒè¾¾
AI,ğŸ‡¦ğŸ‡®,Anguilla,å®‰åœ­æ‹‰
AL,ğŸ‡¦ğŸ‡±,Albania,é˜¿å°”å·´å°¼äºš
AM,ğŸ‡¦ğŸ‡²,Armenia,äºšç¾å°¼äºš
AO,ğŸ‡¦ğŸ‡´,Angola,å®‰å“¥æ‹‰
AQ,ğŸ‡¦ğŸ‡¶,Antarctica,å—ææ´²
AR,ğŸ‡¦ğŸ‡·,Argentina,é˜¿æ ¹å»·
AS,ğŸ‡¦ğŸ‡¸,American Samoa,ç¾å±è¨æ‘©äºš
AT,ğŸ‡ªğŸ‡ºğŸ‡¦ğŸ‡¹,Austria,å¥¥åœ°åˆ©
AU,ğŸ‡¦ğŸ‡º,Australia,æ¾³å¤§åˆ©äºš
AW,ğŸ‡¦ğŸ‡¼,Aruba,é˜¿é²å·´
AX,ğŸ‡¦ğŸ‡½,Ã…land Islands
AZ,ğŸ‡¦ğŸ‡¿,Azerbaijan,é˜¿å¡æ‹œç–†
BA,ğŸ‡§ğŸ‡¦,Bosnia & Herzegovina,æ³¢é»‘
BB,ğŸ‡§ğŸ‡§,Barbados,å·´å·´å¤šæ–¯
BD,ğŸ‡§ğŸ‡©,Bangladesh,å­ŸåŠ æ‹‰å›½
BE,ğŸ‡ªğŸ‡ºğŸ‡§ğŸ‡ª,Belgium,æ¯”åˆ©æ—¶
BF,ğŸ‡§ğŸ‡«,Burkina Faso,å¸ƒåŸºçº³æ³•ç´¢
BG,ğŸ‡§ğŸ‡¬,Bulgaria,ä¿åŠ åˆ©äºš
BH,ğŸ‡§ğŸ‡­,Bahrain,å·´æ—
BI,ğŸ‡§ğŸ‡®,Burundi,å¸ƒéš†è¿ª
BJ,ğŸ‡§ğŸ‡¯,Benin,è´å®
BL,ğŸ‡§ğŸ‡±,St. BarthÃ©lemy
BM,ğŸ‡§ğŸ‡²,Bermuda,ç™¾æ…•å¤§
BN,ğŸ‡§ğŸ‡³,Brunei,æ–‡è±
BO,ğŸ‡§ğŸ‡´,Bolivia,ç»åˆ©ç»´äºš
BQ,ğŸ‡§ğŸ‡¶,Caribbean Netherlands
BR,ğŸ‡§ğŸ‡·,Brazil,å·´è¥¿
BS,ğŸ‡§ğŸ‡¸,Bahamas,å·´å“ˆé©¬
BT,ğŸ‡§ğŸ‡¹,Bhutan,ä¸ä¸¹
BV,ğŸ‡§ğŸ‡»,Bouvet Island
BW,ğŸ‡§ğŸ‡¼,Botswana,åšèŒ¨ç“¦çº³
BY,ğŸ‡§ğŸ‡¾,Belarus,ç™½ä¿„ç½—æ–¯
BZ,ğŸ‡§ğŸ‡¿,Belize,ä¼¯åˆ©å…¹
CA,ğŸ‡¨ğŸ‡¦,Canada,åŠ æ‹¿å¤§
CC,ğŸ‡¨ğŸ‡¨,Cocos (Keeling) Islands,ç§‘ç§‘æ–¯ï¼ˆåŸºæ—ï¼‰ç¾¤å²›
CD,ğŸ‡¨ğŸ‡©,Congo - Kinshasa,åˆšæœï¼ˆé‡‘ï¼‰
CF,ğŸ‡¨ğŸ‡«,Central African Republic,ä¸­éå…±å’Œå›½
CG,ğŸ‡¨ğŸ‡¬,Congo - Brazzaville,åˆšæœï¼ˆå¸ƒï¼‰
CH,ğŸ‡¨ğŸ‡­,Switzerland,ç‘å£«
CI,ğŸ‡¨ğŸ‡®,CÃ´te d'Ivoire,ç§‘ç‰¹è¿ªç“¦
CK,ğŸ‡¨ğŸ‡°,Cook Islands,åº“å…‹ç¾¤å²›
CL,ğŸ‡¨ğŸ‡±,Chile,æ™ºåˆ©
CM,ğŸ‡¨ğŸ‡²,Cameroon,å–€éº¦éš†
CN,ğŸ‡¨ğŸ‡³,China,ä¸­å›½
CO,ğŸ‡¨ğŸ‡´,Colombia,å“¥ä¼¦æ¯”äºš
CP,ğŸ‡¨ğŸ‡µ,Clipperton Island
CR,ğŸ‡¨ğŸ‡·,Costa Rica,å“¥æ–¯è¾¾é»åŠ 
CU,ğŸ‡¨ğŸ‡º,Cuba,å¤å·´
CV,ğŸ‡¨ğŸ‡»,Cape Verde,ä½›å¾—è§’
CW,ğŸ‡¨ğŸ‡¼,CuraÃ§ao,åº“æ‹‰ç´¢
CX,ğŸ‡¨ğŸ‡½,Christmas Island,åœ£è¯å²›
CY,ğŸ‡¨ğŸ‡¾,Cyprus,å¡æµ¦è·¯æ–¯
CZ,ğŸ‡ªğŸ‡ºğŸ‡¨ğŸ‡¿,Czechia,æ·å…‹
DE,ğŸ‡ªğŸ‡ºğŸ‡©ğŸ‡ª,Germany,å¾·å›½
DG,ğŸ‡©ğŸ‡¬,Diego Garcia
DJ,ğŸ‡©ğŸ‡¯,Djibouti,å‰å¸ƒæ
DK,ğŸ‡ªğŸ‡ºğŸ‡©ğŸ‡°,Denmark,ä¸¹éº¦
DM,ğŸ‡©ğŸ‡²,Dominica,å¤šç±³å°¼å…‹
DO,ğŸ‡©ğŸ‡´,Dominican Republic,å¤šç±³å°¼åŠ 
DZ,ğŸ‡©ğŸ‡¿,Algeria,é˜¿å°”åŠåˆ©äºš
EA,ğŸ‡ªğŸ‡¦,Ceuta & Melilla
EC,ğŸ‡ªğŸ‡¨,Ecuador,å„ç“œå¤šå°”
EE,ğŸ‡ªğŸ‡ºğŸ‡ªğŸ‡ª,Estonia,çˆ±æ²™å°¼äºš
EG,ğŸ‡ªğŸ‡¬,Egypt,åŸƒåŠ
EH,ğŸ‡ªğŸ‡­,Western Sahara,è¥¿æ’’å“ˆæ‹‰
ER,ğŸ‡ªğŸ‡·,Eritrea,å„ç«‹ç‰¹é‡Œäºš
ES,ğŸ‡ªğŸ‡ºğŸ‡ªğŸ‡¸,Spain,è¥¿ç­ç‰™
ET,ğŸ‡ªğŸ‡¹,Ethiopia,åŸƒå¡ä¿„æ¯”äºš
EU,ğŸ‡ªğŸ‡º,European Union
FI,ğŸ‡ªğŸ‡ºğŸ‡«ğŸ‡®,Finland,èŠ¬å…°
FJ,ğŸ‡«ğŸ‡¯,Fiji,æ–æµ
FK,ğŸ‡«ğŸ‡°,Falkland Islands,ç¦å…‹å…°ç¾¤å²›
FM,ğŸ‡«ğŸ‡²,Micronesia,å¯†å…‹ç½—å°¼è¥¿äºšè”é‚¦
FO,ğŸ‡«ğŸ‡´,Faroe Islands,æ³•ç½—ç¾¤å²›
FR,ğŸ‡ªğŸ‡ºğŸ‡«ğŸ‡·,France,æ³•å›½
GA,ğŸ‡¬ğŸ‡¦,Gabon,åŠ è“¬
GB,ğŸ‡¬ğŸ‡§,United Kingdom,è‹±å›½
GD,ğŸ‡¬ğŸ‡©,Grenada,æ ¼æ—çº³è¾¾
GE,ğŸ‡¬ğŸ‡ª,Georgia,æ ¼é²å‰äºš
GF,ğŸ‡¬ğŸ‡«,French Guiana,æ³•å±åœ­äºšé‚£
GG,ğŸ‡¬ğŸ‡¬,Guernsey,æ ¹è¥¿å²›
GH,ğŸ‡¬ğŸ‡­,Ghana,åŠ çº³
GI,ğŸ‡¬ğŸ‡®,Gibraltar,ç›´å¸ƒç½—é™€
GL,ğŸ‡¬ğŸ‡±,Greenland,æ ¼é™µå…°
GM,ğŸ‡¬ğŸ‡²,Gambia,å†ˆæ¯”äºš
GN,ğŸ‡¬ğŸ‡³,Guinea,å‡ å†…äºš
GP,ğŸ‡¬ğŸ‡µ,Guadeloupe,ç“œå¾·ç½—æ™®
GQ,ğŸ‡¬ğŸ‡¶,Equatorial Guinea,èµ¤é“å‡ å†…äºš
GR,ğŸ‡ªğŸ‡ºğŸ‡¬ğŸ‡·,Greece,å¸Œè…Š
GS,ğŸ‡¬ğŸ‡¸,South Georgia & South Sandwich Islands
GT,ğŸ‡¬ğŸ‡¹,Guatemala,å±åœ°é©¬æ‹‰
GU,ğŸ‡¬ğŸ‡º,Guam,å…³å²›
GW,ğŸ‡¬ğŸ‡¼,Guinea-Bissau,å‡ å†…äºšæ¯”ç»
GY,ğŸ‡¬ğŸ‡¾,Guyana,åœ­äºšé‚£
HK,ğŸ‡¨ğŸ‡³ğŸ‡­ğŸ‡°,"Hong Kong, China",ä¸­å›½é¦™æ¸¯
HM,ğŸ‡­ğŸ‡²,Heard & McDonald Islands
HN,ğŸ‡­ğŸ‡³,Honduras,æ´ªéƒ½æ‹‰æ–¯
HR,ğŸ‡­ğŸ‡·,Croatia,å…‹ç½—åœ°äºš
HT,ğŸ‡­ğŸ‡¹,Haiti,æµ·åœ°
HU,ğŸ‡ªğŸ‡ºğŸ‡­ğŸ‡º,Hungary,åŒˆç‰™åˆ©
IC,ğŸ‡®ğŸ‡¨,Canary Islands
ID,ğŸ‡®ğŸ‡©,Indonesia,å°å°¼
IE,ğŸ‡®ğŸ‡ª,Ireland,çˆ±å°”å…°
IL,ğŸ‡®ğŸ‡±,Israel,ä»¥è‰²åˆ—
IM,ğŸ‡®ğŸ‡²,Isle of Man,é©¬æ©å²›
IN,ğŸ‡®ğŸ‡³,India,å°åº¦
IO,ğŸ‡®ğŸ‡´,British Indian Ocean Territory,è‹±å±å°åº¦æ´‹é¢†åœ°
IQ,ğŸ‡®ğŸ‡¶,Iraq,ä¼Šæ‹‰å…‹
IR,ğŸ‡®ğŸ‡·,Iran,ä¼Šæœ—
IS,ğŸ‡ªğŸ‡ºğŸ‡®ğŸ‡¸,Iceland,å†°å²›
IT,ğŸ‡ªğŸ‡ºğŸ‡®ğŸ‡¹,Italy,æ„å¤§åˆ©
JE,ğŸ‡¯ğŸ‡ª,Jersey,æ³½è¥¿
JM,ğŸ‡¯ğŸ‡²,Jamaica,ç‰™ä¹°åŠ 
JO,ğŸ‡¯ğŸ‡´,Jordan,çº¦æ—¦
JP,ğŸ‡¯ğŸ‡µ,Japan,æ—¥æœ¬
KE,ğŸ‡°ğŸ‡ª,Kenya,è‚¯å°¼äºš
KG,ğŸ‡°ğŸ‡¬,Kyrgyzstan,å‰å°”å‰æ–¯æ–¯å¦
KH,ğŸ‡°ğŸ‡­,Cambodia,æŸ¬åŸ”å¯¨
KI,ğŸ‡°ğŸ‡®,Kiribati,åŸºé‡Œå·´æ–¯
KM,ğŸ‡°ğŸ‡²,Comoros,ç§‘æ‘©ç½—
KN,ğŸ‡°ğŸ‡³,St. Kitts & Nevis,åœ£åŸºèŒ¨å’Œå°¼ç»´æ–¯
KP,ğŸ‡°ğŸ‡µ,North Korea,æœé²œ
KR,ğŸ‡°ğŸ‡·,South Korea,éŸ©å›½
KW,ğŸ‡°ğŸ‡¼,Kuwait,ç§‘å¨ç‰¹
KY,ğŸ‡°ğŸ‡¾,Cayman Islands,å¼€æ›¼ç¾¤å²›
KZ,ğŸ‡°ğŸ‡¿,Kazakhstan,å“ˆè¨å…‹æ–¯å¦
LA,ğŸ‡±ğŸ‡¦,Laos,è€æŒ
LB,ğŸ‡±ğŸ‡§,Lebanon,é»å·´å«©
LC,ğŸ‡±ğŸ‡¨,St. Lucia,åœ£å¢è¥¿äºš
LI,ğŸ‡ªğŸ‡ºğŸ‡±ğŸ‡®,Liechtenstein
LK,ğŸ‡±ğŸ‡°,Sri Lanka,æ–¯é‡Œå…°å¡
LR,ğŸ‡±ğŸ‡·,Liberia,åˆ©æ¯”é‡Œäºš
LS,ğŸ‡±ğŸ‡¸,Lesotho,è±ç´¢æ‰˜
LT,ğŸ‡ªğŸ‡ºğŸ‡±ğŸ‡¹,Lithuania,ç«‹é™¶å®›
LU,ğŸ‡ªğŸ‡ºğŸ‡±ğŸ‡º,Luxembourg,å¢æ£®å ¡
LV,ğŸ‡ªğŸ‡ºğŸ‡±ğŸ‡»,Latvia,æ‹‰è„±ç»´äºš
LY,ğŸ‡±ğŸ‡¾,Libya,åˆ©æ¯”äºš
MA,ğŸ‡²ğŸ‡¦,Morocco,æ‘©æ´›å“¥
MC,ğŸ‡²ğŸ‡¨,Monaco
MD,ğŸ‡²ğŸ‡©,Moldova,æ‘©å°”å¤šç“¦
ME,ğŸ‡²ğŸ‡ª,Montenegro,é»‘å±±
MF,ğŸ‡²ğŸ‡«,St. Martin
MG,ğŸ‡²ğŸ‡¬,Madagascar,é©¬è¾¾åŠ æ–¯åŠ 
MH,ğŸ‡²ğŸ‡­,Marshall Islands,é©¬ç»å°”ç¾¤å²›
MK,ğŸ‡²ğŸ‡°,Macedonia,åŒ—é©¬å…¶é¡¿
ML,ğŸ‡²ğŸ‡±,Mali,é©¬é‡Œ
MM,ğŸ‡²ğŸ‡²,Myanmar (Burma),ç¼…ç”¸
MN,ğŸ‡²ğŸ‡³,Mongolia,è’™å¤å›½
MO,ğŸ‡¨ğŸ‡³ğŸ‡²ğŸ‡´,"Macao, China",ä¸­å›½æ¾³é—¨
MP,ğŸ‡²ğŸ‡µ,Northern Mariana Islands,åŒ—é©¬é‡Œäºšçº³ç¾¤å²›
MQ,ğŸ‡²ğŸ‡¶,Martinique,é©¬æå°¼å…‹
MR,ğŸ‡²ğŸ‡·,Mauritania,æ¯›é‡Œå¡”å°¼äºš
MS,ğŸ‡²ğŸ‡¸,Montserrat,è’™ç‰¹å¡æ‹‰ç‰¹
MT,ğŸ‡ªğŸ‡ºğŸ‡²ğŸ‡¹,Malta,é©¬è€³ä»–
MU,ğŸ‡²ğŸ‡º,Mauritius,æ¯›é‡Œæ±‚æ–¯
MV,ğŸ‡²ğŸ‡»,Maldives,é©¬å°”ä»£å¤«
MW,ğŸ‡²ğŸ‡¼,Malawi,é©¬æ‹‰ç»´
MX,ğŸ‡²ğŸ‡½,Mexico,å¢¨è¥¿å“¥
MY,ğŸ‡²ğŸ‡¾,Malaysia,é©¬æ¥è¥¿äºš
MZ,ğŸ‡²ğŸ‡¿,Mozambique,è«æ¡‘æ¯”å…‹
NA,ğŸ‡³ğŸ‡¦,Namibia,çº³ç±³æ¯”äºš
NC,ğŸ‡³ğŸ‡¨,New Caledonia,æ–°å–€é‡Œå¤šå°¼äºš
NE,ğŸ‡³ğŸ‡ª,Niger,å°¼æ—¥å°”
NF,ğŸ‡³ğŸ‡«,Norfolk Island,è¯ºç¦å…‹å²›
NG,ğŸ‡³ğŸ‡¬,Nigeria,å°¼æ—¥åˆ©äºš
NI,ğŸ‡³ğŸ‡®,Nicaragua,å°¼åŠ æ‹‰ç“œ
NL,ğŸ‡ªğŸ‡ºğŸ‡³ğŸ‡±,Netherlands,è·å…°
NO,ğŸ‡³ğŸ‡´,Norway,æŒªå¨
NP,ğŸ‡³ğŸ‡µ,Nepal,å°¼æ³Šå°”
NR,ğŸ‡³ğŸ‡·,Nauru,ç‘™é²
NU,ğŸ‡³ğŸ‡º,Niue,çº½åŸƒ
NZ,ğŸ‡³ğŸ‡¿,New Zealand,æ–°è¥¿å…°
OM,ğŸ‡´ğŸ‡²,Oman,é˜¿æ›¼
PA,ğŸ‡µğŸ‡¦,Panama,å·´æ‹¿é©¬
PE,ğŸ‡µğŸ‡ª,Peru,ç§˜é²
PF,ğŸ‡µğŸ‡«,French Polynesia,æ³•å±æ³¢åˆ©å°¼è¥¿äºš
PG,ğŸ‡µğŸ‡¬,Papua New Guinea,å·´å¸ƒäºšæ–°å‡ å†…äºš
PH,ğŸ‡µğŸ‡­,Philippines,è²å¾‹å®¾
PK,ğŸ‡µğŸ‡°,Pakistan,å·´åŸºæ–¯å¦
PL,ğŸ‡µğŸ‡±,Poland,æ³¢å…°
PM,ğŸ‡µğŸ‡²,St. Pierre & Miquelon,åœ£çš®åŸƒå°”å’Œå¯†å…‹éš†
PN,ğŸ‡µğŸ‡³,Pitcairn Islands
PR,ğŸ‡µğŸ‡·,Puerto Rico,æ³¢å¤šé»å„
PS,ğŸ‡µğŸ‡¸,Palestinian Territories,å·´å‹’æ–¯å¦
PT,ğŸ‡µğŸ‡¹,Portugal,è‘¡è„ç‰™
PW,ğŸ‡µğŸ‡¼,Palau,å¸•åŠ³
PY,ğŸ‡µğŸ‡¾,Paraguay,å·´æ‹‰åœ­
QA,ğŸ‡¶ğŸ‡¦,Qatar,å¡å¡”å°”
RE,ğŸ‡·ğŸ‡ª,RÃ©union,ç•™å°¼æ±ª
RO,ğŸ‡·ğŸ‡´,Romania,ç½—é©¬å°¼äºš
RS,ğŸ‡·ğŸ‡¸,Serbia,å¡å°”ç»´äºš
RU,ğŸ‡·ğŸ‡º,Russia,ä¿„ç½—æ–¯
RW,ğŸ‡·ğŸ‡¼,Rwanda,å¢æ—ºè¾¾
SA,ğŸ‡¸ğŸ‡¦,Saudi Arabia,æ²™ç‰¹é˜¿æ‹‰ä¼¯
SB,ğŸ‡¸ğŸ‡§,Solomon Islands,æ‰€ç½—é—¨ç¾¤å²›
SC,ğŸ‡¸ğŸ‡¨,Seychelles,å¡èˆŒå°”
SD,ğŸ‡¸ğŸ‡©,Sudan,è‹ä¸¹
SE,ğŸ‡¸ğŸ‡ª,Sweden,ç‘å…¸
SG,ğŸ‡¸ğŸ‡¬,Singapore,æ–°åŠ å¡
SH,ğŸ‡¸ğŸ‡­,St. Helena,åœ£èµ«å‹’æ‹¿
SI,ğŸ‡¸ğŸ‡®,Slovenia,æ–¯æ´›æ–‡å°¼äºš
SJ,ğŸ‡¸ğŸ‡¯,Svalbard & Jan Mayen
SK,ğŸ‡¸ğŸ‡°,Slovakia,æ–¯æ´›ä¼å…‹
SL,ğŸ‡¸ğŸ‡±,Sierra Leone,å¡æ‹‰åˆ©æ˜‚
SM,ğŸ‡¸ğŸ‡²,San Marino
SN,ğŸ‡¸ğŸ‡³,Senegal,å¡å†…åŠ å°”
SO,ğŸ‡¸ğŸ‡´,Somalia,ç´¢é©¬é‡Œ
SR,ğŸ‡¸ğŸ‡·,Suriname,è‹é‡Œå—
SS,ğŸ‡¸ğŸ‡¸,South Sudan,å—è‹ä¸¹
ST,ğŸ‡¸ğŸ‡¹,SÃ£o TomÃ© & PrÃ­ncipe,åœ£å¤šç¾å’Œæ™®æ—è¥¿æ¯”
SV,ğŸ‡¸ğŸ‡»,El Salvador,è¨å°”ç“¦å¤š
SX,ğŸ‡¸ğŸ‡½,Sint Maarten
SY,ğŸ‡¸ğŸ‡¾,Syria,å™åˆ©äºš
SZ,ğŸ‡¸ğŸ‡¿,Eswatini,æ–¯å¨å£«å…°
TA,ğŸ‡¹ğŸ‡¦,Tristan da Cunha
TC,ğŸ‡¹ğŸ‡¨,Turks & Caicos Islands,ç‰¹å…‹æ–¯å’Œå‡¯ç§‘æ–¯ç¾¤å²›
TD,ğŸ‡¹ğŸ‡©,Chad,ä¹å¾—
TF,ğŸ‡¹ğŸ‡«,French Southern Territories
TG,ğŸ‡¹ğŸ‡¬,Togo,å¤šå“¥
TH,ğŸ‡¹ğŸ‡­,Thailand,æ³°å›½
TJ,ğŸ‡¹ğŸ‡¯,Tajikistan,å¡”å‰å…‹æ–¯å¦
TK,ğŸ‡¹ğŸ‡°,Tokelau
TL,ğŸ‡¹ğŸ‡±,Timor-Leste,ä¸œå¸æ±¶
TM,ğŸ‡¹ğŸ‡²,Turkmenistan,åœŸåº“æ›¼æ–¯å¦
TN,ğŸ‡¹ğŸ‡³,Tunisia,çªå°¼æ–¯
TO,ğŸ‡¹ğŸ‡´,Tonga,æ±¤åŠ 
TR,ğŸ‡¹ğŸ‡·,Turkey,åœŸè€³å…¶
TT,ğŸ‡¹ğŸ‡¹,Trinidad & Tobago,ç‰¹ç«‹å°¼è¾¾å’Œå¤šå·´å“¥
TV,ğŸ‡¹ğŸ‡»,Tuvalu,å›¾ç“¦å¢
TW,ğŸ‡¨ğŸ‡³,"Taiwan, China",ä¸­å›½å°æ¹¾
TZ,ğŸ‡¹ğŸ‡¿,Tanzania,å¦æ¡‘å°¼äºš
UA,ğŸ‡ºğŸ‡¦,Ukraine,ä¹Œå…‹å…°
UG,ğŸ‡ºğŸ‡¬,Uganda,ä¹Œå¹²è¾¾
UM,ğŸ‡ºğŸ‡²,U.S. Outlying Islands,ç¾å›½æœ¬åœŸå¤–å°å²›å±¿
UN,ğŸ‡ºğŸ‡³,United Nations
US,ğŸ‡ºğŸ‡¸,United States,ç¾å›½
UY,ğŸ‡ºğŸ‡¾,Uruguay,ä¹Œæ‹‰åœ­
UZ,ğŸ‡ºğŸ‡¿,Uzbekistan,ä¹Œå…¹åˆ«å…‹æ–¯å¦
VA,ğŸ‡»ğŸ‡¦,Vatican City
VC,ğŸ‡»ğŸ‡¨,St. Vincent & Grenadines,åœ£æ–‡æ£®ç‰¹å’Œæ ¼æ—çº³ä¸æ–¯
VE,ğŸ‡»ğŸ‡ª,Venezuela,å§”å†…ç‘æ‹‰
VG,ğŸ‡»ğŸ‡¬,British Virgin Islands,è‹±å±ç»´å°”äº¬ç¾¤å²›
VI,ğŸ‡»ğŸ‡®,U.S. Virgin Islands,ç¾å±ç»´å°”äº¬ç¾¤å²›
VN,ğŸ‡»ğŸ‡³,Vietnam,è¶Šå—
VU,ğŸ‡»ğŸ‡º,Vanuatu,ç“¦åŠªé˜¿å›¾
WF,ğŸ‡¼ğŸ‡«,Wallis & Futuna,ç“¦åˆ©æ–¯å’Œå¯Œå›¾çº³
WS,ğŸ‡¼ğŸ‡¸,Samoa,è¨æ‘©äºš
XK,ğŸ‡½ğŸ‡°,Kosovo
YE,ğŸ‡¾ğŸ‡ª,Yemen,ä¹Ÿé—¨
YT,ğŸ‡¾ğŸ‡¹,Mayotte,é©¬çº¦ç‰¹
ZA,ğŸ‡¿ğŸ‡¦,South Africa,å—é
ZM,ğŸ‡¿ğŸ‡²,Zambia,èµæ¯”äºš
ZW,ğŸ‡¿ğŸ‡¼,Zimbabwe,æ´¥å·´å¸ƒéŸ¦
